Title,Price,Rating,Link
N/A,"Rs. 1,114",N/A,https://www.daraz.pk/products/dt900-ultra-y80-ultra-y60-ultra-t500-ultra-t800-ultra-t900-ultra-ultra-10in1-7in-1-ultra-t10-ultra-y20-ultra-h20-ultra-7-strap-with-airpodsi20-ultra-max-suit-with-airpod-available-all-smart-watch-in-low-rate-high-quality-all-smart-watch-i838665992.html
N/A,Rs. 508,N/A,https://www.daraz.pk/products/d20-bluetooth-smart-watch-for-men-waterproof-fitness-tracker-with-blood-pressure-and-heart-rate-monitor-y68-i843060821.html
N/A,"Rs. 1,061",N/A,https://www.daraz.pk/products/advanced-bluetooth-smart-watch-without-sim-support-154-full-touch-tft-display-heart-rate-bp-monitor-step-counter-waterproof-fitness-tracker-call-message-alerts-sleep-monitor-mobile-app-sync-sports-modes-digital-wristband-fo-i616823463.html
N/A,Rs. 593,N/A,https://www.daraz.pk/products/black-arabic-aura-watch-for-men-stylish-aura-watch-100-original-watch-amazing-smart-watch-i598504293.html
N/A,"Rs. 1,149",N/A,https://www.daraz.pk/products/t800-2-9-2024-10s-i616357056.html
N/A,"Rs. 1,300",N/A,https://www.daraz.pk/products/154-tft-bp-fo-i883366434.html
N/A,"Rs. 1,102",N/A,https://www.daraz.pk/products/dt900-t800-t900-10in1-1-7-t10-i20-i561831990.html
N/A,"Rs. 1,301",N/A,https://www.daraz.pk/products/y80-ultra-smart-watch-8-in-1-y80-smart-watch-8-straps-for-gift-ultra-2-smart-watch-y80-ultra-watch-8-smart-watch-for-boys-smartwatches-mobile-watch-touch-watch-for-boys-smart-watch-for-girls-ultra-9-smart-watch-i497157793.html
N/A,Rs. 456,N/A,https://www.daraz.pk/products/black-arabic-aura-watch-for-men-stylish-aura-watch-100-original-watch-polifiber-arabic-black-watch-i239818989.html
N/A,"Rs. 1,950",N/A,https://www.daraz.pk/products/4g-pta-i914186756.html
N/A,"Rs. 1,499",N/A,https://www.daraz.pk/products/dt900-ultra-y60-ultra-t800-ultra-t900-ultra-ultra-10in1-7in-1-ultra-t10-ultra-y20-ultra-h20-ultra-7-straps-with-earbuds-ws10-ultra-2-y80-8-in1-ultra-ultra-9-available-all-smart-watch-in-low-rate-high-quality-all-smart-watch-i452016811.html
N/A,Rs. 799,N/A,https://www.daraz.pk/products/most-trending-black_white-aura-watch-for-men-100-original-watch-with-new-design-7-straps-smartwatch-arabic-white-aura-watch-available-i924389647.html
N/A,"Rs. 1,148",N/A,https://www.daraz.pk/products/t900-t900-2-209-49-i471599443.html
N/A,"Rs. 1,299",N/A,https://www.daraz.pk/products/dt900-ultra-ultra-7-t800-ultra-t900-ultra-ultra-10in1-7in-1-ultra-t10-ultra-y20-ultra-h20-ultra-7-straps-with-earbuds-y80-8-in1-bluetooth-water-resistant-bluetooth-call-and-fitness-watch-health-monitor-smart-watch-for-android-ios-i409391066.html
N/A,Rs. 649,N/A,https://www.daraz.pk/products/most-trending-black-aura-watch-for-men-100-original-watch-with-new-design-7-straps-smartwatch-i887881115.html
N/A,"Rs. 1,249",N/A,https://www.daraz.pk/products/t10-ultra-smartwatch-209inch-hd-big-screen-magnetic-wireless-charging-wacth-8-49mm-smart-watch-bluetooth-call-sleep-monitor-men-women-watch-i426978894.html
N/A,"Rs. 1,497",N/A,https://www.daraz.pk/products/7-in-1-smart-watch-7-straps-smart-watch-ultra-watch-8-for-gift-7in1-smart-watch-for-boys-7-in-1-ultra-smart-watch-for-girls-ultra-7-in-1-strap-smart-watch-with-7-straps-smart-watch-7-in-1-ultra-smart-watch-7-straps-smartwatch-ultra-8-watch-i456805511.html
N/A,"Rs. 1,095",N/A,https://www.daraz.pk/products/t800-199-i659596200.html
N/A,Rs. 620,N/A,https://www.daraz.pk/products/d20-y68-i912195737.html
N/A,"Rs. 5,999",N/A,https://www.daraz.pk/products/zero-luna-smart-watch-139-tft-display-bluetooth-calling-100-watch-faces-ip67-waterproof-spo2-heart-rate-monitor-best-price-smartwatch-for-men-women-iphone-android-i434227378.html
N/A,Rs. 649,N/A,https://www.daraz.pk/products/black-arabic-aura-watch-for-men-stylish-aura-watch-100-original-watch-7-straps-smartwatch-i865223969.html
N/A,"Rs. 1,095",N/A,https://www.daraz.pk/products/bp-154-tft-i659647158.html
N/A,"Rs. 1,249",N/A,https://www.daraz.pk/products/t900-ultra-smartwatch-bluetooth-call-sleeping-monitoring-smart-watch-series-8-209-full-touch-watch-for-men-women-i413312677.html
N/A,"Rs. 1,285",N/A,https://www.daraz.pk/products/154-i463010383.html
N/A,Rs. 799,N/A,https://www.daraz.pk/products/7-1-t500-i904252545.html
N/A,"Rs. 1,799",N/A,https://www.daraz.pk/products/i20-ultra-smart-watch-i20-ultra-max-suit-10-in-1-smart-watch-with-airpods-ultra-2-smart-watch-with-earbuds-watch-earbuds-ultra-9-smart-watch-airpods-watch-airpods-smart-watch-for-boys-touch-watch-mobile-watch-ultra-with-airpods-i923216394.html
N/A,"Rs. 2,199",N/A,https://www.daraz.pk/products/i20-ultra-smart-watch-max-suit-7-in-1-set-with-earbuds-charging-multi-sport-waterproof-men-women-smart-watch-revolutionize-your-lifestyle-with-the-i20-ultra-smart-watch-23inch-large-screen-with-7-straps-smartwatch-call-heart-rate-sleep-monitoring-i460011128.html
N/A,"Rs. 1,275",N/A,https://www.daraz.pk/products/7-1-7-8-7-1-7-1-7-1-7-7-1-7-i915000139.html
N/A,"Rs. 1,650",N/A,https://www.daraz.pk/products/t1000ultra-4g-i911653445.html
N/A,Rs. 799,N/A,https://www.daraz.pk/products/m8-i479052774.html
N/A,"Rs. 1,549",N/A,https://www.daraz.pk/products/dt900-ultra-h20-ultra-t800-ultra-t900-ultra-ultra-10in1-7in-1-ultra-t10-ultra-y20-ultra-y80-8-in1-ultra-ultra-2-available-all-smart-watch-in-low-rate-high-quality-all-smart-watch-ultra-2-new-smart-watch-7-in-1-straps-49mm-202inch-i783222493.html
N/A,"Rs. 1,088",N/A,https://www.daraz.pk/products/t800-2-t900-w9-i675792545.html
N/A,"Rs. 1,099",N/A,https://www.daraz.pk/products/t10-209-hd-wacth-8-49-i618842398.html
N/A,Rs. 799,N/A,https://www.daraz.pk/products/white-arabic-aura-smart-watch-stylish-smart-wrist-aura-watch-for-men-women-100-digital-smart-watch-elegant-analog-watch-with-premium-design-casual-formal-use-smart-watch-i925344285.html
N/A,"Rs. 1,149",N/A,https://www.daraz.pk/products/t500-hd-diy-ios-i436320179.html
N/A,Rs. 799,N/A,https://www.daraz.pk/products/t800t900-d20-t900-209-49-i542414640.html
N/A,"Rs. 1,599",N/A,https://www.daraz.pk/products/7-in-1-smart-watch-7-straps-smart-watch-ultra-watch-8-for-gift-7in1-smart-watch-for-boys-7-in-1-ultra-smart-watch-for-girls-ultra-7-in-1-strap-smart-watch-with-7-straps-smart-watch-7-in-1-ultra-smart-watch-7-straps-smartwatch-ultra-8-i479831131.html
N/A,Rs. 581,N/A,https://www.daraz.pk/products/d13-smart-watchd13-smart-watch-for-boysd13-smart-watch-20201d13-smart-watch-strapd13-smart-watch-bandd13-smart-watch-2021d13-smart-watch-chargerd13-watchd13-bluetooth-mobile-smartwatchd13smartwatchprotector2021digitalsmartwatchforboysandgirls-h-i400448197.html
N/A,"Rs. 1,199",N/A,https://www.daraz.pk/products/t800-ultra-smart-watch-series-8-bluetooth-call-smartwatch-with-heart-rate-and-sleep-monitoring-i460020898.html
N/A,"Rs. 1,698",N/A,https://www.daraz.pk/products/watch-9-max-smart-watch-men-women-series-8-bluetooth-call-nfc-wireless-charging-smartwatch-series-9-i535556962.html
N/A,"Rs. 1,301",N/A,https://www.daraz.pk/products/y80-ultra-smart-watch-8-in-1-y80-smart-watch-8-straps-for-gift-ultra-2-smart-watch-y80-ultra-watch-8-smart-watch-for-boys-smartwatches-mobile-watch-touch-watch-for-boys-smart-watch-for-girls-ultra-9-smart-watch-i497157793.html
N/A,"Rs. 1,149",N/A,https://www.daraz.pk/products/t800-2-9-2024-10s-i616357056.html
N/A,Rs. 699,N/A,https://www.daraz.pk/products/2025-2026-i930845747.html
N/A,"Rs. 1,300",N/A,https://www.daraz.pk/products/154-tft-bp-fo-i883366434.html
N/A,"Rs. 1,497",N/A,https://www.daraz.pk/products/7-in-1-smart-watch-7-straps-smart-watch-ultra-watch-8-for-gift-7in1-smart-watch-for-boys-7-in-1-ultra-smart-watch-for-girls-ultra-7-in-1-strap-smart-watch-with-7-straps-smart-watch-7-in-1-ultra-smart-watch-7-straps-smartwatch-ultra-8-watch-i456805511.html
N/A,Rs. 581,N/A,https://www.daraz.pk/products/d13-smart-watchd13-smart-watch-for-boysd13-smart-watch-20201d13-smart-watch-strapd13-smart-watch-bandd13-smart-watch-2021d13-smart-watch-chargerd13-watchd13-bluetooth-mobile-smartwatchd13smartwatchprotector2021digitalsmartwatchforboysandgirls-h-i400448197.html
N/A,Rs. 508,N/A,https://www.daraz.pk/products/d20-bluetooth-smart-watch-for-men-waterproof-fitness-tracker-with-blood-pressure-and-heart-rate-monitor-y68-i843060821.html
N/A,"Rs. 1,114",N/A,https://www.daraz.pk/products/dt900-ultra-y80-ultra-y60-ultra-t500-ultra-t800-ultra-t900-ultra-ultra-10in1-7in-1-ultra-t10-ultra-y20-ultra-h20-ultra-7-strap-with-airpodsi20-ultra-max-suit-with-airpod-available-all-smart-watch-in-low-rate-high-quality-all-smart-watch-i838665992.html
N/A,"Rs. 1,061",N/A,https://www.daraz.pk/products/advanced-bluetooth-smart-watch-without-sim-support-154-full-touch-tft-display-heart-rate-bp-monitor-step-counter-waterproof-fitness-tracker-call-message-alerts-sleep-monitor-mobile-app-sync-sports-modes-digital-wristband-fo-i616823463.html
N/A,"Rs. 1,799",N/A,https://www.daraz.pk/products/i20-ultra-smart-watch-i20-ultra-max-suit-10-in-1-smart-watch-with-airpods-ultra-2-smart-watch-with-earbuds-watch-earbuds-ultra-9-smart-watch-airpods-watch-airpods-smart-watch-for-boys-touch-watch-mobile-watch-ultra-with-airpods-i923216394.html
N/A,"Rs. 1,249",N/A,https://www.daraz.pk/products/t10-ultra-smartwatch-209inch-hd-big-screen-magnetic-wireless-charging-wacth-8-49mm-smart-watch-bluetooth-call-sleep-monitor-men-women-watch-i426978894.html
N/A,"Rs. 1,102",N/A,https://www.daraz.pk/products/dt900-t800-t900-10in1-1-7-t10-i20-i561831990.html
N/A,"Rs. 1,499",N/A,https://www.daraz.pk/products/dt900-ultra-y60-ultra-t800-ultra-t900-ultra-ultra-10in1-7in-1-ultra-t10-ultra-y20-ultra-h20-ultra-7-straps-with-earbuds-ws10-ultra-2-y80-8-in1-ultra-ultra-9-available-all-smart-watch-in-low-rate-high-quality-all-smart-watch-i452016811.html
N/A,Rs. 660,N/A,https://www.daraz.pk/products/100-i887805439.html
N/A,"Rs. 1,950",N/A,https://www.daraz.pk/products/4g-pta-i914186756.html
N/A,"Rs. 1,095",N/A,https://www.daraz.pk/products/t800-199-i659596200.html
N/A,Rs. 649,N/A,https://www.daraz.pk/products/most-trending-black-aura-watch-for-men-100-original-watch-with-new-design-7-straps-smartwatch-i887881115.html
N/A,"Rs. 1,099",N/A,https://www.daraz.pk/products/i10-8-9-8-175-8-i408116709.html
N/A,"Rs. 1,149",N/A,https://www.daraz.pk/products/t500-hd-diy-ios-i436320179.html
N/A,"Rs. 1,148",N/A,https://www.daraz.pk/products/t900-t900-2-209-49-i471599443.html
N/A,Rs. 607,N/A,https://www.daraz.pk/products/-i916257605.html
N/A,"Rs. 1,275",N/A,https://www.daraz.pk/products/7-1-7-8-7-1-7-1-7-1-7-7-1-7-i915000139.html
N/A,"Rs. 1,098",N/A,https://www.daraz.pk/products/dt900-1-7-i20-i50-y20-y60-y80-10-1-12-1-g9-t10-t900-2-t20-2-i450651871.html
N/A,Rs. 649,N/A,https://www.daraz.pk/products/black-arabic-aura-watch-for-men-stylish-aura-watch-100-original-watch-7-straps-smartwatch-i865223969.html
N/A,Rs. 799,N/A,https://www.daraz.pk/products/7-1-t500-i904252545.html
N/A,Rs. 649,N/A,https://www.daraz.pk/products/black-arabic-aura-watch-for-men-stylish-aura-watch-100-original-watch-i833801944.html
N/A,Rs. 621,N/A,https://www.daraz.pk/products/d20-bluetooth-smart-watch-for-men-waterproof-fitness-tracker-with-blood-pressure-and-heart-rate-monitor-y68-i402491854.html
N/A,Rs. 456,N/A,https://www.daraz.pk/products/black-arabic-aura-watch-for-men-stylish-aura-watch-100-original-watch-polifiber-arabic-black-watch-i239818989.html
N/A,"Rs. 1,699",N/A,https://www.daraz.pk/products/900-900-7-7-1-7-1-7-1-7-7-1-8-i914975804.html
N/A,Rs. 529,N/A,https://www.daraz.pk/products/d20-y68-i912405259.html
N/A,Rs. 475,N/A,https://www.daraz.pk/products/black-arabic-aura-watch-for-men-stylish-aura-watch-100-original-watch-amazing-smart-watch-with-arabic-numerals-fiber-chain-unisex-butterfly-clasp-i436523649.html
N/A,Rs. 669,N/A,https://www.daraz.pk/products/black-arabic-aura-watch-for-men-stylish-aura-watch-100-original-watch-amazing-smart-watch-i920440542.html
N/A,"Rs. 1,280",N/A,https://www.daraz.pk/products/7-in-1-ultra-2-smart-watch-21-inch-49mm-full-hd-screen-series-ultra-9-wireless-charging-7-straps-waterproof-ips-amazing-quality-i482694423.html
N/A,"Rs. 1,088",N/A,https://www.daraz.pk/products/t800-2-t900-w9-i675792545.html
N/A,"Rs. 1,497",N/A,https://www.daraz.pk/products/i10-9-i10-hd-49mmm-i858897082.html
N/A,"Rs. 1,295",N/A,https://www.daraz.pk/products/7-in-1-smart-watch-7-straps-smart-watch-ultra-watch-8-for-gift-7in1-smart-watch-for-boys-7-in-1-ultra-smart-watch-for-girls-ultra-7-in-1-strap-smart-watch-with-7-straps-smart-watch-7-in-1-ultra-smart-watch-7-straps-smartwatch-ultra-8-watch-i669132036.html
N/A,Rs. 629,N/A,https://www.daraz.pk/products/7-1-t500-i877142568.html
N/A,"Rs. 1,499",N/A,https://www.daraz.pk/products/y80-ultra-7-in-1-smart-watch-with-airpods-large-hd-display-bluetooth-calling-i456135270.html
N/A,"Rs. 1,095",N/A,https://www.daraz.pk/products/bp-154-tft-i659647158.html
N/A,"Rs. 1,282",N/A,https://www.daraz.pk/products/7-in-1-smart-watch-7-straps-smart-watch-ultra-watch-8-for-gift-7in1-smart-watch-for-boys-7-in-1-ultra-smart-watch-for-girls-ultra-7-in-1-strap-smart-watch-with-7-straps-smart-watch-7-in-1-ultra-smart-watch-7-straps-smartwatch-ultra-8-watch-i729521829.html
